Artist,Hour,stage,date,id
Amaarae,18:45 - 19:30,Cupra FKA Seat,02.06.22,21UPYSRWFKwtqvSAnFnSvS
Kehlani,20:40 - 21:40,Cupra FKA Seat,02.06.22,0cGUm45nv7Z6M6qdXYQGTX
Bad Gyal,23:20 - 00:20,Cupra FKA Seat,02.06.22,4F4pp8NUW08JuXwnoxglpN
Charli XCX,02:00 - 03:00,Cupra FKA Seat,02.06.22,25uiPmTg16RbhZWAqwLBy5
Verde Prato,18:00 - 18:40,Pull & Bear,02.06.22,04WGKyAt0klDPxUw2roFfi
Kacey Musgraves,19:35 - 20:35,Pull & Bear,02.06.22,70kkdajctXSbqSMJbQO424
Pavement,21:45 - 23:15,Pull & Bear,02.06.22,3inCNiUr4R6XQ3W43s9Aqi
Tame Impala,00:25 - 01:55,Pull & Bear,02.06.22,5INjqkS1o8h1imAzPqGZBb
Faye Webster,16:45 - 17:30,Dice FKA Ray-Ban,02.06.22,5szilpXHcwOqnyKLqGco5j
The Linda Lindas,18:30 - 19:15,Dice FKA Ray-Ban,02.06.22,13dTrWNNrnZ3AkgNyQNKP5
Sharon Van Etten,20:25 - 21:25,Dice FKA Ray-Ban,02.06.22,2wJ4vsxWd7df7dRU4KcoDe
El Mato a un Policia Motorizado,22:35 - 23:35,Dice FKA Ray-Ban,02.06.22,5rLsN2LxYaEPLa1N7I2mPB
Mabel,00:45 - 01:45,Dice FKA Ray-Ban,02.06.22,1MIVXf74SZHmTIp4V4paH4
Fred Again..,02:55 - 04:00,Dice FKA Ray-Ban,02.06.22,4oLeXFyACqeem2VImYeBFe
DJ Shadow,04:10 - 06:00,Dice FKA Ray-Ban,02.06.22,5CE2IfdYZEQGIDsfiRm8SI
Carolina Durante,17:35 - 18:25,Primavera,02.06.22,2BVE7Pqd8kxv9xEsuvoJoE
Yo La Tengo,19:20 - 20:20,Primavera,02.06.22,5hAhrnb0Ch4ODwWu4tsbpi
100 gecs,21:30 - 22:30,Primavera,02.06.22,6PfSUFtkMVoDkx4MQkzOi3
Dinosaur Jr.,23:40 - 00:40,Primavera,02.06.22,267VY6GX5LyU5c9M85ECZQ
Cigarettes After Sex,01:50 - 02:50,Primavera,02.06.22,1QAJqy2dA3ihHBFIHRphZj
CARLA,17:45 - 18:30,Pitchfork,02.06.22,7p7YeMEkvlFLwiNlm1Zt7C
Gustaf,19:25 - 20:10,Pitchfork,02.06.22,6QqLYrbjh5CnfMG7z5r96E
Kim Gordon,21:05 - 21:50,Pitchfork,02.06.22,3n8qeKQViV1waeCzZmS4Tx
girl in red,22:40 - 23:25,Pitchfork,02.06.22,3uwAm6vQy7kWPS2bciKWx9
Rina Sawayama,00:25 - 01:10,Pitchfork,02.06.22,2KEqzdPS7M5YwGmiuPTdr5
black midi,02:05 - 02:50,Pitchfork,02.06.22,7Hvq85OU8T7Hsd63zNBwaL
Les Savy Fav,17:00 - 17:40,Adidas,02.06.22,5DZBnxCYzs32O2bbqK8KNg
Pond,18:35 - 19:20,Adidas,02.06.22,4skJp5OKvcc9eKokiuhi2s
Aiko El Groupo,20:15 - 21:00,Adidas,02.06.22,0mk9dVJMJF4fanFzeZo6K1
Otoboke Beaver,21:55 - 22:40,Adidas,02.06.22,0HutkALC7kq2L8b9bnZUkq
Black Lips,23:35 - 00:20,Adidas,02.06.22,35C0NSLogAwImm8HAMqEmG
The Armed,01:15 - 02:00,Adidas,02.06.22,4V5obzWMr7BHZrjOiQwB4K
Soto Asa,02:55 - 03:40,Adidas,02.06.22,6gyhsZUy2fzzWZBRVPmOw4
Richard Dawson,16:00 - 16:55,Auditori,02.06.22,0VeQgI9lzgoOMszAOq0iml
Rodrigo Cuevas,17:30 - 18:30,Auditori,02.06.22,1d3CepUS2V6F3cP9YWNfUO
Lingua Ignota,19:00 - 20:00,Auditori,02.06.22,3Q2RrKEOBdkWI2MJQgdt84
Maria del Mar Bonet,21:00 - 22:00,Auditori,02.06.22,41BaIYCli96MF2wqqOutBR
Neska,01:30 - 02:30,NTS Warehouse,02.06.22,1IMX8AG0s31WtvCLk4QEWJ
AFRODEUTSCHE,21:00 - 22:00,Desperados Cube (Primavera Bits),02.06.22,4jRLhvF4a3NHs5TaR1lU3m
Ivy Barkakati,22:00 - 23:00,Desperados Cube (Primavera Bits),02.06.22,3UBeV2UkTunts46Pok3zQu
CRYSTALLMESS,23:00 - 00:00,Desperados Cube (Primavera Bits),02.06.22,5b4g39OmFtyQcwYLSHCvsC
Call SUper,02:30 - 04:00,Desperados Cube (Primavera Bits),02.06.22,1FVo44KTXqxo3JxXADWTd9
Honey Dijon,04:00 - 06:00,Desperados Cube (Primavera Bits),02.06.22,0XfQBWgzisaS9ltDV9bXAS
D. Tiffany,02:45 - 03:30,El Punto by adidas Originals (Primavera Bits),02.06.22,2LMaARRMktW5O2umBFaQUu
Rombo,19:00 - 19:45,Lotus (Primavera Bits),02.06.22,6CV2CoWJJQafHkNVOJjqFO
Pelada,20:00 - 20:45,Lotus (Primavera Bits),02.06.22,1cUt6hBRKlav4TIgjopnHC
oklou,21:00 - 21:45,Lotus (Primavera Bits),02.06.22,6fFcUOFcbjeIuEomuUthkw
Osheyack,22:00 - 23:00,Lotus (Primavera Bits),02.06.22,1juz0H48u94THg3gHf0rGE
Hannah Diamond,23:30 - 00:25,Lotus (Primavera Bits),02.06.22,3sXErEOw7EmO6Sj7EgjHdU
Big Freedia,01:00 - 01:50,Lotus (Primavera Bits),02.06.22,2gyv1akuIB9fQvXoGSPaJr
Shygirl,02:25 - 03:25,Lotus (Primavera Bits),02.06.22,3M3wTTCDwicRubwMyHyEDy
Kareem Ali,14:00 - 15:15,Xiringuito Aperol (Primavera Bits),02.06.22,4Uhgu5miW68A3eqRl26xtf
Carista,16:45 - 18:00,Xiringuito Aperol (Primavera Bits),02.06.22,7HbRQEEsvAKurr1v8YjwzZ
Moin,21:15 - 22:00,Escenario Ouigo,02.06.22,3HKbW1X4Aj2RZU6ruh3a0e
Amaia,18:50 - 19:35,Cupra FKA Seat,03.06.22,1WLEfsQjvgtFSGkrHonzFX
Beck,20:40 - 21:40,Cupra FKA Seat,03.06.22,3vbKDsSS70ZX9D2OcvbZmS
The Strokes,23:05 - 00:35,Cupra FKA Seat,03.06.22,0epOFNiUfyON9EYx7Tpr6V
Caribou,01:45 - 03:00,Cupra FKA Seat,03.06.22,4aEnNH9PuU1HF3TsZTru54
Marina Herlop,18:00 - 18:45,Pull & Bear,03.06.22,4ZG4S6skttdVhHz08AjMhR
Parquet Courts,19:40 - 20:35,Pull & Bear,03.06.22,23NIwARd4vPbxt3wwNnJ6k
The National,21:45 - 23:00,Pull & Bear,03.06.22,2cCUtGK9sDU2EoElnk0GNB
Little Simz,00:40 - 01:40,Pull & Bear,03.06.22,6eXZu6O7nAUA5z6vLV8NKI
Georgia,16:45 - 17:30,Dice FKA Ray-Ban,03.06.22,06knYh538h5SI7OAEF8ek3
Beach Bunny,18:25 - 19:15,Dice FKA Ray-Ban,03.06.22,2vnB6tuQMaQpORiRdvXF9H
Jehnny Beth,22:15 - 23:15,Dice FKA Ray-Ban,03.06.22,2WOMBqEsllg2ICn7D2L8ta
King Gizzard & The Lizard Wizard,00:40 - 01:40,Dice FKA Ray-Ban,03.06.22,6XYvaoDGE0VmRt83Jss9Sn
Paloma Mami,03:00 - 04:00,Dice FKA Ray-Ban,03.06.22,7rOlQwf8OuFLFQp4aydjBt
Jamie xx,04:10 - 06:00,Dice FKA Ray-Ban,03.06.22,7A0awCXkE1FtSU8B0qwOJQ
Manel,17:35 - 18:20,Primavera,03.06.22,40tHhop0T30DwienQBmTxb
Weyes Blood,19:20 - 20:10,Primavera,03.06.22,3Uqu1mEdkUJxPe7s31n1M9
Warpaint,21:10 - 22:10,Primavera,03.06.22,3AmgGrYHXqgbmZ2yKoIVzO
Bikini Kill,23:20 - 00:35,Primavera,03.06.22,0gvHPdYxlU94W7V5MSIlFe
Low,01:45 - 02:55,Primavera,03.06.22,0wz0jO9anccPzH04N7FLBH
Iosonouncane,17:45 - 18:30,Pitchfork,03.06.22,1njdH9zjRnlM561mWqEocW
Chaqueta de Chandal,19:25 - 20:10,Pitchfork,03.06.22,5RMGElrEO6UepEfrrn0Qg4
Mariah The Scientist,21:05 - 21:50,Pitchfork,03.06.22,7HO5fOXE4gh3lzZn64tX2E
Helado Negro,22:45 - 23:30,Pitchfork,03.06.22,69qhRLDvsWJOhWGXXQ0lQQ
Fontaines D.C.,00:25 - 01:10,Pitchfork,03.06.22,3SXwqSqAoBz9WCI9PDQzY6
Earl Sweatshirt,02:05 - 02:50,Pitchfork,03.06.22,3A5tHz1SfngyOZM2gItYKu
Young Marco,03:45 - 05:00,Pitchfork,03.06.22,7zpN81tVvPwlHcJSkSCyRa
Le Nais,17:00 - 17:40,Adidas,03.06.22,44Wn7ZjTg4vIBEg22A6AMZ
Pinpilinpussies,18:35 - 19:20,Adidas,03.06.22,4Mbv7MoBUcLBWCuGBCxRf1
Cariño,20:15 - 21:00,Adidas,03.06.22,7fWD0BSDlixbj6YNQyHTLh
Lightning Bolt,21:55 - 22:40,Adidas,03.06.22,2og3FOCLYXT9H7IYE6QPUq
Tropical Fuck Storm,23:35 - 00:20,Adidas,03.06.22,0mL6LBSQ4bHe6hWq90KzHL
Wet Leg,01:15 - 02:00,Adidas,03.06.22,2TwOrUcYnAlIiKmVQkkoSZ
Kaydy Cain,02:55 - 03:40,Adidas,03.06.22,4nXXIxTneJksvGXrlmX8oA
Gabriela Richardson,17:30 - 18:30,Auditori,03.06.22,69YKwunlA0xl2yMS12cyMu
Za!,19:00 - 20:00,Auditori,03.06.22,5id3QE9SvJCxWwHVa0zRcD
Autechre,21:00 - 22:00,Auditori,03.06.22,6WH1V41LwGDGmlPUhSZLHO
Oscar Mulero,20:00 - 21:00,Desperados Cube (Primavera Bits),03.06.22,3jisZjR3TBVb9tIfTbRHTS
Lorenzo Senni,21:00 - 22:10,Desperados Cube (Primavera Bits),03.06.22,7mKwhB3UiepqzM946jBOyi
Buttechno,22:10 - 23:25,Desperados Cube (Primavera Bits),03.06.22,4XbQUkFYWthjpAPp96lHWt
Deena Abdelwahed ,23:25 - 00:55,Desperados Cube (Primavera Bits),03.06.22,20fUkJZtm2I6zdIuj2XpgV
Mano Le Tough,01:55 - 03:25,Desperados Cube (Primavera Bits),03.06.22,04KmByEP6icXVY0PvJaMMp
Pabllo VIttar,03:25 - 04:30,Desperados Cube (Primavera Bits),03.06.22,6tzRZ39aZlNqlUzQlkuhDV
Jeff Mills,04:30 - 06:00,Desperados Cube (Primavera Bits),03.06.22,2eIDAcLKnWc4D350YyzvgS
Stingray 313 ,22:30 - 23:15,El Punto by adidas Originals (Primavera Bits),03.06.22,4ha1AL8HqVr6WY9vSOow0n
Mainline Magic Orchestra,23:15 - 00:00,El Punto by adidas Originals (Primavera Bits),03.06.22,05zSozHG9kAvZTCmEo1fFT
Lory D,01:45 - 02:45,El Punto by adidas Originals (Primavera Bits),03.06.22,6JACkt5SfzTM7JmtvBEmIk
Jasmine Infiniti ,03:00 - 03:45,El Punto by adidas Originals (Primavera Bits),03.06.22,4Ii6N7zTISiFbVsUPPD0sE
Evian Christ,03:45 - 05:00,El Punto by adidas Originals (Primavera Bits),03.06.22,75BN2bMrpeLl89blBiaFuv
Violet,00:00 - 01:10,Lotus (Primavera Bits),03.06.22,1HkrZCBvUvk1nvBpR3uki3
Nidia,01:35 - 02:35,Lotus (Primavera Bits),03.06.22,3BKX2WA8UjZgTIJ2juyQ7G
Aurora Halal ,03:25 - 04:25,Lotus (Primavera Bits),03.06.22,4I8qgsaz4mQa9ICeCPibIF
CZN,04:50 - 05:50,Lotus (Primavera Bits),03.06.22,4AXLKUKQYoQHLw8Kb4WHd3
Blawan,14:00 - 15:15,Xiringuito Aperol (Primavera Bits),03.06.22,64kN9EkSTHYhda2FupL0KI
Enny,18:45 - 19:25,Cupra FKA Seat,04.06.22,3qEnCAnX23lvoxZYtBiPgL
Duki,20:25 - 21:25,Cupra FKA Seat,04.06.22,1bAftSH8umNcGZ0uyV7LMg
Jorja Smith,23:05 - 00:05,Cupra FKA Seat,04.06.22,1CoZyIx7UvdxT5c8UkMzHd
"Tyler, the Creator",01:45 - 03:00,Cupra FKA Seat,04.06.22,4V8LLVI7PbaPR0K2TGSxFF
Ferran Palau,18:00 - 18:40,Pull & Bear,04.06.22,7h0Xj4rDQMndEq2JsZZVzM
Mavis Staples,19:30 - 20:20,Pull & Bear,04.06.22,0cTSCsVx04SSht9V6cpKN0
Gorillaz,21:30 - 23:00,Pull & Bear,04.06.22,3AA28KZvwAUcZuOKwyblJQ
Nick Cave & The Bad Seeds,00:10 - 01:40,Pull & Bear,04.06.22,4UXJsSlnKd7ltsrHebV79Q
Jenny Hval,16:45 - 17:30,Dice FKA Ray-Ban,04.06.22,5eerVxtb9lY9p6D7m89Bs7
Porridge Radio,18:25 - 19:10,Dice FKA Ray-Ban,04.06.22,4vAQ4M7vgItwBtmBTgRu48
Einstürzende Neubaten,20:05 - 21:05,Dice FKA Ray-Ban,04.06.22,7KomCxZv6D5qCVvefwMnwB
Bauhaus,22:15 - 23:15,Dice FKA Ray-Ban,04.06.22,5N5tQ9Dx1h8Od7aRmGj7Fi
Beach House,00:25 - 01:40,Dice FKA Ray-Ban,04.06.22,56ZTgzPBDge0OvCGgMO3OY
slowthai,02:50 - 04:00,Dice FKA Ray-Ban,04.06.22,3r1XkJ7vCs8kHBSzGvPLdP
Disclosure,04:10 - 06:00,Dice FKA Ray-Ban,04.06.22,6nS5roXSAGhTGr34W6n7Et
Les Amazones d'Afrique,17:35 - 18:20,Primavera,04.06.22,6dHMq5KZ8ScqdzsCKGagdo
Jamila Woods,19:15 - 20:00,Primavera,04.06.22,4UodukR17NIQfNu5uaqm9B
Dreamcatcher,21:10 - 22:10,Primavera,04.06.22,5V1qsQHdXNm4ZEZHWvFnqQ
Idles,23:20 - 00:20,Primavera,04.06.22,75mafsNqNE1WSEVxIKuY5C
King Krule,01:45 - 02:45,Primavera,04.06.22,4wyNyxs74Ux8UIDopNjIai
Automatic,17:45 - 18:30,Pitchfork,04.06.22,3uX1tstdmFJyxW9b5mSNlU
Tim Burgess,19:25 - 20:10,Pitchfork,04.06.22,1goerABWhGQPWKhMCZeJ68
Shame,21:05 - 21:50,Pitchfork,04.06.22,4IeWU3NYBI9mISFVhzXG8f
Jawbox,22:45 - 23:30,Pitchfork,04.06.22,0Fj0cWPHOpexJCZRdSHioP
DIIV,00:25 - 01:10,Pitchfork,04.06.22,4OrizGCKhOrW6iDDJHN9xd
Caroline Polachek,02:05 - 02:55,Pitchfork,04.06.22,4Ge8xMJNwt6EEXOzVXju9a
Leon Vynehall,03:45 - 05:00,Pitchfork,04.06.22,2o7L9DNcmzocYll1o0GGTU
Biscuit,17:00 - 17:40,Adidas,04.06.22,42JGb29XOsilEvx2TVQH5H
Die Katapult,18:35 - 19:20,Adidas,04.06.22,4vAuh0ifJRTcAxGeGNULIb
Guineu,20:15 - 21:00,Adidas,04.06.22,71LogL8lYEei6YssB4RyVD
Rapsody,21:55 - 22:40,Adidas,04.06.22,6NL31G53xThQXkFs7lDpL5
Las Ligas Menores,23:35 - 00:20,Adidas,04.06.22,3MNvKeLzGSvOPtXJAjCOzf
ABBATH,01:15 - 02:00,Adidas,04.06.22,1epGwdbjU7JSGVBHlqptpx
Napalm Death,03:00 - 03:45,Adidas,04.06.22,3UqRgrDIQ208yNGiWKRMNt
Mecanica Popular,16:00 - 17:00,Auditori,04.06.22,2A0pTCoXdqG0VjhMWLArMr
"Black Country, New Road",17:30 - 18:30,Auditori,04.06.22,3PP6ghmOlDl2jaKaH0avUN
María José Llergo,19:00 - 20:00,Auditori,04.06.22,70GBRlKEGjfueop2lfdQ4Q
The Caretaker,21:00 - 22:00,Auditori,04.06.22, 5n30EjOcjTVG11vtfNKbsd
Lawrence Le Doux,23:05 - 00:25,NTS Warehouse,04.06.22,5As9k4aeJ897xlMRrFp8mE
Zozo,00:25 - 01:25,NTS Warehouse,04.06.22,11zGi8URbhNbTEtauBUnme
John T Gast,03:00 - 04:00,NTS Warehouse,04.06.22,7sdETEHtFrBJARdIVvf8Mv
DJ Harvey,02:30 - 04:00,Desperados Cube (Primavera Bits),04.06.22,4LSAINMy65w69vnT4xUq1b
Squarepusher,04:00 - 06:00,Desperados Cube (Primavera Bits),04.06.22,4mtHSXwIHihO6MWNq5Qoko
Sangre Nueva,03:30 - 04:30,El Punto by adidas Originals (Primavera Bits),04.06.22,0YmokPIhVketCTSXBRp20R
DJ Playero,04:30 - 05:30,El Punto by adidas Originals (Primavera Bits),04.06.22,2YTyoyU90b3CF5x91YjVaQ
Boy Harsher,02:40 - 03:55,Lotus (Primavera Bits),04.06.22,4iom7VVRU6AHRIu1JUXpLG
Terrence Dixon ,04:15 - 05:40,Lotus (Primavera Bits),04.06.22,78x5Xzi7CUmQZtZfFYBK9m
Stingray 313 ,15:15 - 16:30,Xiringuito Aperol (Primavera Bits),04.06.22,4ha1AL8HqVr6WY9vSOow0n
Big Thief,18:45 - 19:35,Cupra FKA Seat,09.06.22,5QdyldG4Fl4TPiOIeMNpBZ
Bad Gyal,20:45 - 21:45,Cupra FKA Seat,09.06.22,4F4pp8NUW08JuXwnoxglpN
Charli XCX,23:25 - 00:25,Cupra FKA Seat,09.06.22,25uiPmTg16RbhZWAqwLBy5
"Tyler, The Creator",01:45 - 03:00,Cupra FKA Seat,09.06.22,4V8LLVI7PbaPR0K2TGSxFF
Rata Negra,18:00 - 18:45,Pull & Bear,09.06.22,7KjdFWj7ujhSLbzWYAAgVe
Interpol,19:40 - 20:40,Pull & Bear,09.06.22,3WaJSfKnzc65VDgmj2zU8B
Gorillaz,21:50 - 23:20,Pull & Bear,09.06.22,3AA28KZvwAUcZuOKwyblJQ
Dua Lipa,00:30 - 01:40,Pull & Bear,09.06.22,6M2wZ9GZgrQXHCFfjv46we
Holly Humberstone,16:45 - 17:30,Dice FKA Ray-Ban,09.06.22,0nnYdIpahs41QiZ9MWp5Wx
Modu Moctar,18:25 - 19:10,Dice FKA Ray-Ban,09.06.22,48dgx7iGqLQ3E5KO3pzd94
Metronomy,20:05 - 20:55,Dice FKA Ray-Ban,09.06.22,54QMjE4toDfiCryzYWCpXX
El Mato a un Policia Motorizado,22:15 - 23:15,Dice FKA Ray-Ban,09.06.22,5rLsN2LxYaEPLa1N7I2mPB
King Gizzard & The Lizard Wizard,00:35 - 01:35,Dice FKA Ray-Ban,09.06.22,6XYvaoDGE0VmRt83Jss9Sn
Bicep,04:10 - 06:00,Dice FKA Ray-Ban,09.06.22,73A3bLnfnz5BoQjb4gNCga
Cazzu,17:35 - 18:20,Primavera,09.06.22,6w3SkAHYPsQ1bxV7VDlG5y
Gracey,19:15 - 20:00,Primavera,09.06.22,7xBGi7Eign0fX7jGQj5KlJ
Ride,21:00 - 22:10,Primavera,09.06.22,0WPY9nnBy01s5QOt4o4oQX
Slowdive,23:20 - 00:30,Primavera,09.06.22,72X6FHxaShda0XeQw3vbeF
Khruangbin,01:40 - 02:40,Primavera,09.06.22,2mVVjNmdjXZZDvhgQWiakk
Dry Cleaning,17:45 - 18:30,Pitchfork,09.06.22,7DlD7rLG9MKuvXtTeACzkO
Alex Cameron,19:25 - 20:10,Pitchfork,09.06.22,6kGMx9MqwnbKR2EYvZvvrG
Squid,21:05 - 21:50,Pitchfork,09.06.22,685XjGzGztyivfR3fAjoxo
Amyl & The Sniffers,22:45 - 23:30,Pitchfork,09.06.22,3NqV2DJoAWsjl787bWaHW7
Ashnikko,00:25 - 01:10,Pitchfork,09.06.22,3PyJHH2wyfQK3WZrk9rpmP
Playboi Carti,02:05 - 02:50,Pitchfork,09.06.22,699OTQXzgjhIYAHMy9RyPD
Jay Electronica,03:45 - 05:00,Pitchfork,09.06.22,0TkqXdyWLsssJH7okthMPQ
Agoraphobia,17:00 - 17:40,Adidas,09.06.22,730AxBRvtXF3V72fwbqf1R
Pile,18:35 - 19:20,Adidas,09.06.22,44pUNjqg4mExLyFHnB3Bqf
Working Men's Club,20:15 - 21:00,Adidas,09.06.22,7cCi9XoRu8Y1SyJ9c94fhc
High on Fire,21:55 - 22:40,Adidas,09.06.22,1eiIIImNeUj3vpaocWqoOf
Griff,23:40 - 00:25,Adidas,09.06.22,5RJFJWYgtgWktosLrUDzff
A.G. Cook,01:15 - 02:00,Adidas,09.06.22,335TWGWGFan4vaacJzSiU8
Mujeres,02:55 - 03:40,Adidas,09.06.22,5vnfKgHNYLnKeuFA6c2jJO
Tarta Relena,17:30 - 18:30,Auditori,09.06.22,40sPlPGgON8MBAiW4CIFTP
Jensen McRae,19:00 - 20:00,Auditori,09.06.22,11dABkjSoOjcP9p3TFSNRj
Ambarchi / Sprenger / Sollmann,21:00 - 22:00,Auditori,09.06.22,1fIzM2bmsXG77E5EMPtdKW
Anz,21:15 - 22:15,Desperados Cube (Primavera Bits),09.06.22,1Ysz8yMgr4g1Ol3l1m3yOt
Sofia Kourtessi ,23:15 - 00:15,Desperados Cube (Primavera Bits),09.06.22,7wXTWO45lqpUejDkike0Gf
Moonchild Sanelly,00:15 - 01:15,Desperados Cube (Primavera Bits),09.06.22,6aDX1jzNVAI9enlQzW0Pgw
Chill Mafia,01:15 - 02:20,Desperados Cube (Primavera Bits),09.06.22,6jlSEjqfJnED7otnU0lRoy
Future Utopia,02:20 - 04:00,Desperados Cube (Primavera Bits),09.06.22,1vlBj1Zv2y6dCNdGeIBsNo
John Talabot,04:00 - 06:00,Desperados Cube (Primavera Bits),09.06.22,1YvN5uOGQkHVUUlZUcnotD
Slikback,00:00 - 01:15,El Punto by adidas Originals (Primavera Bits),09.06.22,0NwRAG9DawUqqgur9925fA
Haai,02:00 - 02:45,El Punto by adidas Originals (Primavera Bits),09.06.22,0pkLgeB9j465x1QB2kRoy4
Prospa,02:45 - 03:30,El Punto by adidas Originals (Primavera Bits),09.06.22,6HabM2PUM519iIxervGWSb
Mall Grab,03:30 - 05:00,El Punto by adidas Originals (Primavera Bits),09.06.22,7yF6JnFPDzgml2Ytkyl5D7
Slikback,19:10 - 19:55,Lotus (Primavera Bits),09.06.22,0NwRAG9DawUqqgur9925fA
India Jordan,00:55 - 02:10,Lotus (Primavera Bits),09.06.22,5RMLpCv3ic2KtGnqJ7eMG4
Gabber Modus Operandi,02:30 - 03:30,Lotus (Primavera Bits),09.06.22,4z8y2MjTFwLa73dABYP1io
Gilles Peterson,04:00 - 05:30,Lotus (Primavera Bits),09.06.22,4fH73bVIwM24QrBqjTrhAA
Clairo,18:45 - 19:35,Cupra FKA Seat,10.06.22,3l0CmX0FuQjFxr8SK7Vqag
M.I.A.,20:45 - 21:45,Cupra FKA Seat,10.06.22,0QJIPDAEDILuo8AIq3pMuU
The Strokes,23:10 - 00:40,Cupra FKA Seat,10.06.22,0epOFNiUfyON9EYx7Tpr6V
Lorde,01:50 - 03:00,Cupra FKA Seat,10.06.22,163tK9Wjr9P9DmM0AVK7lm
Marta Knight,18:00 - 18:40,Pull & Bear,10.06.22,1bTVf9uk7d4iU9rcWfWj5S
Bleachers,19:40 - 20:40,Pull & Bear,10.06.22,2eam0iDomRHGBypaDQLwWI
The Smile,21:50 - 23:05,Pull & Bear,10.06.22,6styCzc1Ej4NxISL0LiigM
Run The Jewels,00:45 - 01:45,Pull & Bear,10.06.22,4RnBFZRiMLRyZy0AzzTg2C
Erika de Casier,16:45 - 17:30,Dice FKA Ray-Ban,10.06.22,1nIJEqPyIj5qutlgWNmQB0
Remi Wolf,18:25 - 19:15,Dice FKA Ray-Ban,10.06.22,0NB5HROxc8dDBXpkIi1v3d
PinkPantheress,20:15 - 21:05,Dice FKA Ray-Ban,10.06.22,78rUTD7y6Cy67W1RVzYs7t
Courtney Barnett,22:15 - 23:15,Dice FKA Ray-Ban,10.06.22,4OOlG5eBXSkSAAEeKjJb5Y
Britanny Howard,00:25 - 01:25,Dice FKA Ray-Ban,10.06.22,4XquDVA8pkg5Lx91No1JxB
Burna Boy,02:50 - 04:00,Dice FKA Ray-Ban,10.06.22,3wcj11K77LjEY1PkEazffa
Danny L Harle,04:10 - 06:00,Dice FKA Ray-Ban,10.06.22,1PNvaesh1mkKZucGhBuqgD
Nueva Vulcano,17:35 - 18:20,Primavera,10.06.22,07KQg01nfkJUG5zgSKuJYK
Japanese Breakfast,19:20 - 20:10,Primavera,10.06.22,7MoIc5s9KXolCBH1fy9kkw
Giveon,21:10 - 22:10,Primavera,10.06.22,4fxd5Ee7UefO4CUXgwJ7IP
Khea,23:20 - 00:20,Primavera,10.06.22,4m6ubhNsdwF4psNf3R8kwR
The Jesus and Mary Chain,01:30 - 02:45,Primavera,10.06.22,4rjlerN21ygkIhmUv55irs 
yeule,17:45 - 18:30,Pitchfork,10.06.22,1WZarnZpWEv7dDtjAETt4X
Dorian Electra,19:25 - 20:10,Pitchfork,10.06.22,202HZzqKvPsMHcbwnDZx7u
The Murder Capital,21:05 - 21:50,Pitchfork,10.06.22,18M7pJRsgFVjEBZ5ufmJAp
IC3PEAK,22:45 - 23:30,Pitchfork,10.06.22,3luonLzvSOxdU8ytCaEIK8
Sampa the Great,00:25 - 01:10,Pitchfork,10.06.22,7fw0E8WHdG3r9SuPBcGmWk
Pa Salieu,02:05 - 02:50,Pitchfork,10.06.22,290nCNEce1y6rfoJiO2rK7
Grimes  ,03:45 - 05:00,Pitchfork,10.06.22,053q0ukIDRgzwTr4vNSwab
Maeve,17:00 - 17:40,Adidas,10.06.22,0tjJosKJDhjhGh2P8NtiK3
Menta,20:15 - 21:00,Adidas,10.06.22,6LlGOJmoJ97bhGx3UX2URn
Triángulo de Amor Bizarro,21:55 - 22:40,Adidas,10.06.22,6A6B4fkbxVlQtNASPk5e2e
Tops,23:35 - 00:20,Adidas,10.06.22,2SdK1QDmZIP2hk94rSaLl9
Priya Ragu,01:15 - 02:00,Adidas,10.06.22,6iZTyHbQWGzpiWoyI0zz9F
Cautious Clay,02:55 - 03:40,Adidas,10.06.22,6iWuBN32BqCJAeXW6o3nil
Tarquim,16:00 - 17:00,Auditori,10.06.22, 7qMC73hJTezS5KODuYn8ta
Apartamentos Acapulco,17:30 - 18:30,Auditori,10.06.22,5MJEbh71qd0GTKQdKko3TT
CMAT,19:00 - 20:00,Auditori,10.06.22,3VBNIRx1LxVdRqOiPgkLwv
Rigoberta Bandini,21:00 - 22:00,Auditori,10.06.22,7DOERbtkx9aTLvWzZSB0qx
Marco Shuttle,22:15 - 23:25,Desperados Cube (Primavera Bits),10.06.22,2DqPerh6whhlts8Pb0BUJi
Efdemim,23:25 - 00:35,Desperados Cube (Primavera Bits),10.06.22,6hjRjVNLWTCPYci9nxhI1G
Pangaea,00:35 - 02:05,Desperados Cube (Primavera Bits),10.06.22,08Z0yhWGksNk3wceqlCeGE
LCY ,02:05 - 03:05,Desperados Cube (Primavera Bits),10.06.22,4UUWo1AiaKMCi76yo69O1U
Black Coffee,04:35 - 06:00,Desperados Cube (Primavera Bits),10.06.22,6wMr4zKPrrR0UVz08WtUWc
Bad Boy Chiller Crew,00:00 - 00:45,El Punto by adidas Originals (Primavera Bits),10.06.22,5SRr4ZJMoygWecytkIwlaV
Special Interest,00:45 - 01:45,El Punto by adidas Originals (Primavera Bits),10.06.22,2CYTLJOt91YLe1JLStFu6m
Alizzz,01:45 - 02:45,El Punto by adidas Originals (Primavera Bits),10.06.22,23herDudxPBB3S81GB5uG3
Oil XL,03:00 - 03:45,El Punto by adidas Originals (Primavera Bits),10.06.22,3L3ejltt5dmjXkES4YSGKX
Valentino Mora ,21:25 - 22:10,Lotus (Primavera Bits),10.06.22,1U9VJ1tPataidARB8IBkAk
Wata Igarashi ,22:35 - 23:35,Lotus (Primavera Bits),10.06.22,7ug2B8FOnKHqwtVlD9vrQX
Vladislav Delay,00:10 - 01:05,Lotus (Primavera Bits),10.06.22,5E3H2KyR31E2Dj3K6vIUe9
Senyawa,01:40 - 02:50,Lotus (Primavera Bits),10.06.22,0F0QctWhGzgl1Ih560JzWJ
Sama' Abdulhadi,03:25 - 04:25,Lotus (Primavera Bits),10.06.22,52qyXsgOeHZZxHRRxyO8xm
Nicola Cruz,04:50 - 05:50,Lotus (Primavera Bits),10.06.22,0OltT51j3hIkgaDJqqPzDn
Angèle,18:50 - 19:35,Cupra FKA Seat,11.06.22,3QVolfxko2UyCOtexhVTli
Jessie Ware,20:45 - 21:45,Cupra FKA Seat,11.06.22,5Mq7iqCWBzofK39FBqblNc
Jorja Smith,23:10 - 00:10,Cupra FKA Seat,11.06.22,1CoZyIx7UvdxT5c8UkMzHd
Megan Thee Stallion,01:50 - 03:00,Cupra FKA Seat,11.06.22,181bsRPaVXVlUKXrxwZfHK
Renaldo y Clara,18:00 - 18:45,Pull & Bear,11.06.22,29eGrPvxOuFDGOyOUi3RLq
Yeah Yeah Yeahs,19:40 - 20:40,Pull & Bear,11.06.22,3TNt4aUIxgfy9aoaft5Jj2
Phoenix,21:50 - 23:05,Pull & Bear,11.06.22,1xU878Z1QtBldR7ru9owdU
Tame Impala,00:15 - 01:45,Pull & Bear,11.06.22,5INjqkS1o8h1imAzPqGZBb
Celeste,16:45 - 17:30,Dice FKA Ray-Ban,11.06.22,49HlOY4gkHqsYG9GCuhkcc
Derby Motoreta's Burrito Kachimba,18:20 - 19:05,Dice FKA Ray-Ban,11.06.22,1nRVWZrJJCFAfkRWtFFPj4
Jhay Cortez,22:15 - 23:15,Dice FKA Ray-Ban,11.06.22,0EFisYRi20PTADoJrifHrz
Nicki Nicole,00:35 - 01:35,Dice FKA Ray-Ban,11.06.22,2UZIAOlrnyZmyzt1nuXr9y
Dj Seinfield,04:10 - 06:00,Dice FKA Ray-Ban,11.06.22,37YzpfBeFju8QRZ3g0Ha1Q
Soleá Morente,17:30 - 18:15,Primavera,11.06.22,5X5UPn6eVnwfYcujIQpcfu
Sen Senra,19:10 - 20:00,Primavera,11.06.22,5lWasZeo8uWQk6GD8czJLq
Antònia Font,21:00 - 22:10,Primavera,11.06.22,503mwh1GWEiWy9bzzpiTFW
Mogwai,23:20 - 00:30,Primavera,11.06.22,34UhPkLbtFKRq3nmfFgejG
Tainy,01:40 - 02:40,Primavera,11.06.22,0GM7qgcRCORpGnfcN2tCiB
The Weather Station,17:45 - 18:30,Pitchfork,11.06.22,39ZEMGRv3pIYTYKEhr4Abu
Genesis Owusu,19:25 - 20:10,Pitchfork,11.06.22,1HvH97rzvCH6lfnLlgyfke
Viagra Boys,21:05 - 21:50,Pitchfork,11.06.22,2nAKP6etu8wXNnezKXgqgg
Altin Gün,22:45 - 23:30,Pitchfork,11.06.22,37PL04N8kBWWW69jdrMMWT
Rolling Blackouts Coastal Fever,00:25 - 01:10,Pitchfork,11.06.22,65mMkD9WW39U9Yadv0dWUF
Sky Ferreira,02:05 - 02:50,Pitchfork,11.06.22,7pyhre5oEEFMqcgMEvJY7q
Fred Again..,03:45 - 05:00,Pitchfork,11.06.22,4oLeXFyACqeem2VImYeBFe
Alanaire,17:00 - 17:40,Adidas,11.06.22,5asecBdhCgsGfPIsAoNs1R
Da Souza,18:35 - 19:20,Adidas,11.06.22,3rD7bBI9zkYhu62o79tWe6
Pond,20:15 - 21:00,Adidas,11.06.22,4skJp5OKvcc9eKokiuhi2s
Oranssi Pazuzu,21:55 - 22:40,Adidas,11.06.22,3XFQRe2FsSOjrODygK4caW
Confeti de Odio,23:35 - 00:20,Adidas,11.06.22,3C1CPJ9K2aeHuj1x22B0qJ
Molchat Doma,01:15 - 02:00,Adidas,11.06.22,1nVq0hKIVReeaiB3xJgKf0
La Zowi,02:55 - 03:40,Adidas,11.06.22,1jB62pOe5WpGiHOBDtKBBG
Gaahls Wyrd,16:00 - 17:00,Auditori,11.06.22,7h8V7XHdJ3akShW3uFaZyn
Angel Bat Dawid,17:30 - 18:30,Auditori,11.06.22,59lypjMPo7ZILhNMCgaE19
Arooj Aftab,19:00 - 20:00,Auditori,11.06.22,00JAfwtx5gNiiqyor88Dr5
Caterina Barbieri,21:00 - 22:00,Auditori,11.06.22,61WgG5fz5ilJrMne7tE1zu
Ela Minis,20:30 - 21:55,Desperados Cube (Primavera Bits),11.06.22,4rdJkXHNrMgowlwUdQAg8T
Logic1000 ,00:10 - 01:05,Desperados Cube (Primavera Bits),11.06.22,2EFsfh1zewsSWhDINv7j1I
Sherelle,01:05 - 02:35,Desperados Cube (Primavera Bits),11.06.22,2TFDQkQ7LahhuwL9p7R6MO
Romy,02:35 - 04:00,Desperados Cube (Primavera Bits),11.06.22,3X2DdnmoANw8Rg8luHyZQb
Daniel Avery ,04:00 - 06:00,Desperados Cube (Primavera Bits),11.06.22,1EULJuDFWpZ9xg4YwtUGGt
Acemoma ,20:05 - 21:10,El Punto by adidas Originals (Primavera Bits),11.06.22,5igyz9vWH6ban6NMfKeCir
Dj Pastis,01:20 - 02:05,El Punto by adidas Originals (Primavera Bits),11.06.22,2XtrsBob50yrdPKaWPJI9E
Sad Night Dynamite,02:05 - 02:50,El Punto by adidas Originals (Primavera Bits),11.06.22,6ydvoGN30eRfE78bjTANF7
Namasenda,02:50 - 04:00,El Punto by adidas Originals (Primavera Bits),11.06.22,5T68nryXXOMNE2kVe61fKX
Craig Richards,04:00 - 06:00,El Punto by adidas Originals (Primavera Bits),11.06.22,6EVc5gJQXiUl586m1NFCNH
Paranoid 1966,01:30 - 02:15,Lotus (Primavera Bits),11.06.22,6GP540ZTiOPTz8uI76k43u
Courtesy ,02:40 - 03:55,Lotus (Primavera Bits),11.06.22,0osYTSrOpW6YESEC1lClwN
Acemoma ,04:15 - 05:40,Lotus (Primavera Bits),11.06.22,5igyz9vWH6ban6NMfKeCir
Goldie,16:30 - 18:00,Xiringuito Aperol (Primavera Bits),11.06.22,2SYqJ3uDLLXZNyZdLKBy4M
